address,pools,tier,smart,bot,edge,large,targetT,targetLarge,avgNotional,copyROI,copyT,targetCopyROI,targetCopyT,shares,maxShares,markets,categories,top,score_sources,risk
0x8d8580952e72014cd508ede860c73d0ca16fc436,strategy_push,C,100.0,35.9,100.0,1076,1298,1076,481,14.9,241,14.9,241,,,,,,existing,"burst_trading,opposite_side_same_market"
0xbb3559b5c40ba446ab9d043e6925e020a60db62a,strategy_push,B,100.0,34.9,100.0,972,1333,972,965,93.2,104,93.2,104,,,,,,existing,"opposite_side_same_market,open_copy_exposure"
0xe8725f4bd4de73c888dda35c4850f702c322819a,strategy_push,B,100.0,33.4,100.0,963,1022,806,1581,62.9,19,64.9,18,,,,,,existing,"opposite_side_same_market,open_copy_exposure"
0xb5b50a639a30e449cf707ad384f96d8af5c0205a,strategy_push,C,100.0,42.9,100.0,868,1167,868,318,74.4,222,74.4,222,,,,,,existing,opposite_side_same_market
0xacf8383491688a61a0e4dbba060122ba031be791,strategy_push,C,100.0,42.2,100.0,768,159,146,1106,53.5,258,39.1,54,,,,,,leaderboard_profit_7d,opposite_side_same_market
0x1aa20e9c2b2a3963dabb3bf8b36b39abbe2030cc,strategy_push,C,100.0,44.4,100.0,763,116,93,555,-12.0,2,0.0,0,,,,,,leaderboard_profit_7d,"burst_trading,opposite_side_same_market,open_copy_exposure"
0x361b16e3ddfe1d415d41008daac2631d94ab74fe,strategy_push,C,100.0,42.7,100.0,695,41,17,2967,0.0,0,0.0,0,,,,,,"existing,leaderboard_profit_30d","burst_trading,open_copy_exposure"
0xa66c59e25b7efe25bb7bdeb25227c998da4bcd67,strategy_push,C,100.0,39.9,100.0,692,527,451,5188,14.2,147,10.8,106,,,,,,existing,"burst_trading,opposite_side_same_market"
0x34a5bec41c0d593edee96fb1405e07ccf4529450,strategy_push,C,100.0,42.8,100.0,551,552,513,1732,88.6,101,96.7,92,,,,,,existing,"opposite_side_same_market,open_copy_exposure"
0xb36fb851c72e6da93884f97801c17cefc02053d0,strategy_push,B,100.0,30.2,100.0,475,686,434,309,59.1,146,58.7,133,,,,,,existing,opposite_side_same_market
0x3a8aa345d5db7ec5138298c8c4f4540259be7699,strategy_push;leaderboard_watch,C,100.0,42.0,97.8,382,0,0,854,-33.4,2,0.0,0,,,,,,"existing,leaderboard_profit_7d","burst_trading,open_copy_exposure"
0xfbe8b1fccf402e4c7a739f5989aaee17ec6fbb28,strategy_push,B,100.0,28.5,100.0,380,762,338,155,64.6,43,66.6,35,,,,,,existing,"opposite_side_same_market,open_copy_exposure"
0xa71093cafc0c099b4ccab24c3cb8018d817923c4,strategy_push,C,100.0,40.1,100.0,379,0,0,671,0.0,0,0.0,0,,,,,,"existing,leaderboard_profit_30d","burst_trading,open_copy_exposure"
0xcc6e0ef500f1acea5df228a5b4f4dc97218cfa6f,strategy_push,B,100.0,28.0,100.0,343,340,296,2035,101.3,75,92.3,67,,,,,,"existing,holder","opposite_side_same_market,open_copy_exposure"
0x59a8d990594178255602d42c83e56bb29271eb4e,strategy_push,B,100.0,33.3,100.0,286,89,64,165,86.2,89,79.9,17,,,,,,existing,"opposite_side_same_market,open_copy_exposure"
0x05625ca25b4b289f3be889fecc9f160a6f0118a4,strategy_push,C,100.0,35.8,100.0,269,294,266,3280,84.0,72,84.0,72,,,,,,existing,"opposite_side_same_market,open_copy_exposure"
0x7c1ee865a785de4c00ee90ed86a38489fb8bbab3,strategy_push,C,100.0,44.5,100.0,269,589,108,642,0.0,0,0.0,0,,,,,,"existing,leaderboard_profit_30d,leaderboard_profit_all","burst_trading,open_copy_exposure"
0xdd517b727b1445d9744d23bba5856dd06e5f1041,strategy_push,B,100.0,9.7,100.0,263,186,111,1322,-3.1,1,0.0,0,,,,,,"existing,holder,leaderboard_profit_7d","opposite_side_same_market,open_copy_exposure"
0x4cb5a6cf70340f068148a740f9ec96cbea75ef29,strategy_push,C,100.0,44.0,100.0,256,0,0,6525,0.0,0,0.0,0,,,,,,"existing,leaderboard_profit_30d,leaderboard_volume_7d","burst_trading,open_copy_exposure"
0x44c4c88662edc9e0978ee40e96ee8457531609cb,strategy_push,B,100.0,26.9,100.0,250,162,152,1179,112.5,54,101.1,33,,,,,,existing,"opposite_side_same_market,open_copy_exposure"
0xa8b9d28f2846f087c4855ff4ad20de5e7f98775d,strategy_push,B,100.0,34.3,100.0,241,320,225,1273,68.0,44,72.9,40,,,,,,existing,"opposite_side_same_market,open_copy_exposure"
0xaf48e55a327effa97f851bce35895fe7280836c2,strategy_push,A,100.0,21.2,100.0,217,221,179,2760,13.0,10,13.0,6,,,,,,existing,"opposite_side_same_market,open_copy_exposure"
0x5e9458202b5817a72cf81105ec8a30e6f3705ba1,strategy_push,C,100.0,41.3,100.0,203,0,0,624,0.0,0,0.0,0,,,,,,"existing,leaderboard_profit_30d","burst_trading,open_copy_exposure"
0xc6f1e1e8ae814ff217745da5de7a0fbac6095729,strategy_push,B,100.0,31.2,100.0,201,187,180,1335,13.4,91,14.7,82,,,,,,existing,opposite_side_same_market
0x8bb006d1bb8b1c5735da79e81637e3dad6e3ca79,strategy_push,B,100.0,32.1,100.0,187,66,66,1563,87.0,12,90.6,6,,,,,,existing,"opposite_side_same_market,open_copy_exposure"
0xb2edf21868234880b6899a9ab70388ecbfc64418,strategy_push,A,100.0,24.0,100.0,185,109,86,582,142.2,29,134.3,12,,,,,,"existing,holder","opposite_side_same_market,open_copy_exposure"
0x18c2841c2e333538851f4aeef9cbc455d772529a,strategy_push,B,100.0,27.9,100.0,160,249,105,226,70.9,18,42.0,8,,,,,,existing,"opposite_side_same_market,open_copy_exposure"
0xda193153e972a9f4fb74f8ab4104fe06fffcc13b,strategy_push,B,100.0,34.4,100.0,137,20,19,1083,352.9,10,-76.7,1,,,,,,existing,"opposite_side_same_market,open_copy_exposure"
0xb916bcee0eaba72abcaaa27dee9dcbe554cbf248,strategy_push,A,100.0,21.8,100.0,131,135,105,619,56.3,24,61.5,21,,,,,,"existing,holder",opposite_side_same_market
0x2cf09999d298fae387b194aff1ebadb8832ddf85,strategy_push,B,100.0,33.1,100.0,130,131,58,340,89.3,23,93.9,10,,,,,,existing,"opposite_side_same_market,open_copy_exposure"
0x9caffca637be2ebaf7e0d72837e619aef6db94dc,strategy_push,B,100.0,32.0,100.0,122,63,62,2660,101.7,28,114.4,16,,,,,,existing,"opposite_side_same_market,open_copy_exposure"
0x07a9bf6d9a913df0e149bb2d652998b57fd832c8,strategy_push;sports_holders_push,B,100.0,27.6,100.0,60,35,33,19186,108.6,6,107.8,5,58249,32827,2,soccer:2,Will Kylian Mbappe be the top goalscorer at the 2026 FIFA World Cup?,"existing,holder","opposite_side_same_market,open_copy_exposure"
0x119b45baaf65f2910624767760f89af3c9dfac3e,strategy_push,B,100.0,32.9,100.0,113,62,62,7162,64.8,26,84.5,17,,,,,,existing,"opposite_side_same_market,open_copy_exposure"
0xd5b1c44e58274454e8abddeb4c16f267fc011b71,strategy_push,B,100.0,31.0,100.0,109,127,107,507,79.7,31,84.0,30,,,,,,existing,"opposite_side_same_market,open_copy_exposure"
0x42db22d25062062a9b7703c1e4fb76b21606d512,strategy_push,B,100.0,30.3,100.0,104,109,104,1194,22.4,42,22.4,42,,,,,,"existing,sports_tape",opposite_side_same_market
0xba8ae54b2c5e559ea2aac807f43f67000ad5b772,strategy_push,B,100.0,32.2,100.0,99,56,52,1909,16.0,26,59.5,17,,,,,,existing,opposite_side_same_market
0xbe189fc6c8298e832b7f988dde76a44b783f3be4,strategy_push,A,100.0,18.6,100.0,98,77,61,2473,58.9,17,90.5,11,,,,,,existing,"opposite_side_same_market,open_copy_exposure"
0xb9072bac905bc51db4edfc7d43905cd870f32c9e,strategy_push,B,100.0,33.7,100.0,98,67,43,199,95.7,21,84.9,8,,,,,,existing,"opposite_side_same_market,open_copy_exposure"
0x2952c5ad930fba5c096e2cbfa7f7542f89e2f50d,strategy_push,A,100.0,24.7,100.0,97,63,41,252,119.4,24,92.1,10,,,,,,existing,"opposite_side_same_market,open_copy_exposure"
0x09317d0ad06a10dd7ef3835bfad038dc0c99e78e,strategy_push,B,100.0,26.3,100.0,97,109,62,266,67.0,19,76.4,14,,,,,,existing,"opposite_side_same_market,open_copy_exposure"
0xdbd56ef106467a5981980243413ae5ae305acba7,strategy_push,A,100.0,18.3,100.0,87,90,86,2620,39.8,17,39.8,17,,,,,,existing,"opposite_side_same_market,open_copy_exposure"
0x7992c373a9ac8e44762e0ab95b03ba9fe1941fc1,strategy_push,A,100.0,19.4,100.0,78,21,19,2700,81.1,25,45.1,5,,,,,,existing,"opposite_side_same_market,open_copy_exposure"
0xe6bf908df51f2c23a6203cd4c42d83a1a49ec536,strategy_push,A,100.0,23.1,100.0,70,70,67,3736,58.4,20,58.4,20,,,,,,existing,opposite_side_same_market
0xeec56ea25123680a6c8b5350a9f7061bd24d1862,strategy_push,B,89.5,31.3,85.0,68,61,60,2007,144.9,12,189.2,9,,,,,,existing,"opposite_side_same_market,open_copy_exposure"
0x21cc6013bbab523a42e791ff14e50992efb954bc,strategy_push,B,100.0,29.9,100.0,60,125,60,184,68.9,22,68.9,22,,,,,,existing,opposite_side_same_market
0xb715c817c60cb3eb58d5bab4cfee6a405fcdc3bb,strategy_push,B,100.0,25.2,100.0,59,56,52,3338,135.2,10,135.2,10,,,,,,existing,"opposite_side_same_market,open_copy_exposure"
0x71247dfabc5c2ee91e4f1bdf9ee8d6ead50ef0b5,strategy_push,A,98.4,23.0,92.5,57,45,44,7672,100.3,8,111.8,6,,,,,,existing,"opposite_side_same_market,open_copy_exposure"
0x6f16f7b72a46aaa663c6c198e34fd7a9cf455fe7,strategy_push,A,100.0,23.4,100.0,52,33,29,1583,212.9,9,330.0,4,,,,,,existing,"opposite_side_same_market,open_copy_exposure"
0xa4518561819704e84fd111b6aeee09edf3fa449e,strategy_push,A,100.0,24.5,100.0,51,32,27,938,108.4,12,170.5,6,,,,,,existing,"opposite_side_same_market,open_copy_exposure"
0xa75b9aa2c0cbe30c37306405ddc27553b8e2772c,strategy_push,A,100.0,22.4,100.0,46,46,46,1393,76.1,15,76.1,15,,,,,,existing,opposite_side_same_market
0x7c7386f8bc2f5d00b2b36966a2b9ab7259a56ee3,strategy_push,B,100.0,25.8,100.0,44,43,42,5230,120.8,5,120.8,5,,,,,,existing,"opposite_side_same_market,open_copy_exposure"
0xc36712208d205747bc39b7f9066dc0a3a7763066,strategy_push,B,100.0,31.2,100.0,44,28,21,326,264.1,5,241.4,1,,,,,,existing,"opposite_side_same_market,open_copy_exposure"
0x73e2e5d948e8d7cc1097083be65df51153db46ec,strategy_push,A,100.0,5.5,100.0,41,10,9,2119,129.2,11,-10.6,1,,,,,,existing,open_copy_exposure
0xc419283be1e8a0008c01ca4596c7d43ff22ba8b0,strategy_push,B,100.0,28.7,100.0,39,35,34,1038,85.9,6,98.8,5,,,,,,existing,"opposite_side_same_market,open_copy_exposure"
0xc117af6c9b8649065ad0ab40246205ac47ef7410,strategy_push,B,100.0,26.1,100.0,32,31,25,2009,149.7,7,161.5,6,,,,,,"existing,holder","opposite_side_same_market,open_copy_exposure"
0x5b1da62d04a662da31839a482092288ca7b03721,strategy_push,B,100.0,29.5,100.0,30,30,30,8079,145.0,6,145.0,6,,,,,,existing,"opposite_side_same_market,open_copy_exposure"
0xe549581668a5751c1972d3ad2d1991d900bd2d54,leaderboard_sports_push;sports_holders_push,D,100.0,45.7,100.0,242,447,41,701,0.0,0,0.0,0,565617,500000,3,soccer:3,Will France vs. Spain end in a draw?,"existing,holder,leaderboard_profit_30d,leaderboard_profit_7d,leaderboard_profit_all","bot_like_flow,fixed_price,burst_trading,open_copy_exposure"
0xbc1b1e935cf5a06f9378fe2b249338649dc29d59,leaderboard_sports_push;sports_holders_push,D,100.0,58.4,99.2,193,1498,193,62,0.0,0,0.0,0,540694,299999,3,soccer:3,Will Spain win on 2026-07-14?,"existing,holder,leaderboard_profit_30d","bot_like_flow,fixed_price,burst_trading,open_copy_exposure"
0x6a72f61820b26b1fe4d956e17b6dc2a1ea3033ee,leaderboard_sports_push,C,100.0,43.2,100.0,513,9,0,727,0.0,0,0.0,0,,,,,,"existing,leaderboard_profit_all,leaderboard_volume_all","burst_trading,open_copy_exposure"
0x492442eab586f242b53bda933fd5de859c8a3782,leaderboard_sports_push,C,100.0,43.8,100.0,482,35,33,20877,0.0,0,0.0,0,,,,,,"existing,leaderboard_volume_all","burst_trading,open_copy_exposure"
0x9495425feeb0c250accb89275c97587011b19a27,leaderboard_sports_push,C,100.0,42.9,100.0,456,813,272,528,0.0,0,0.0,0,,,,,,"existing,leaderboard_profit_all","burst_trading,open_copy_exposure"
0x076daa87c4fe1a85402a9b6b8e0a866224388d4c,leaderboard_sports_push,C,100.0,44.9,100.0,396,422,155,404,0.0,0,0.0,0,,,,,,"existing,holder,leaderboard_profit_30d,leaderboard_volume_30d,sports_tape","burst_trading,open_copy_exposure"
0xfaa2b54347bd9a9f62d6e4bfb2d3180da53de80a,leaderboard_sports_push,C,100.0,40.3,100.0,301,1276,247,405,0.0,0,0.0,0,,,,,,"existing,holder","burst_trading,open_copy_exposure"
0x36a3f17401e395ef4cb1b7f42bcdb8ab8e15fafb,leaderboard_sports_push,D,97.3,45.3,91.4,265,543,234,9533,0.0,0,0.0,0,,,,,,"existing,leaderboard_profit_all","bot_like_flow,burst_trading,open_copy_exposure"
0x34c5ca7736ab9f4c4e059ef40fa5e4a679010832,leaderboard_sports_push,B,100.0,12.8,100.0,18,14,14,27916,98.0,1,98.0,1,,,,,,existing,open_copy_exposure
0xa5ef39c3d3e10d0b270233af41cac69796b12966,sports_holders_push,D,0.0,50.0,0.0,0,0,0,0,0.0,0,0.0,0,18676429,781980,115,"basketball:45,esports:18,soccer:52",Will Kylian Mbappe be the top goalscorer at the 2026 FIFA World Cup?,"existing,holder",bot_like_flow
0xf4ec03081af3116b77f0d52c109c6828ff0ec574,hourly_push,B,100.0,33.8,100.0,916,938,814,2106,71.2,142,74.9,127,,,,,,existing,"opposite_side_same_market,open_copy_exposure"
0xe790e4e8718fb49bac1db7d38402f34167b4698c,hourly_push,C,100.0,43.1,100.0,631,149,138,773,37.2,237,33.0,55,,,,,,sports_tape,opposite_side_same_market
0x8e4e400b90aaac3e158abd5677fd296134be1dfc,hourly_push,B,100.0,27.8,100.0,367,96,80,1147,72.1,8,99.4,2,,,,,,existing,"opposite_side_same_market,open_copy_exposure"
0xcbb5623096b78505a26524e642c5c9066e585ed9,hourly_push,B,100.0,27.5,100.0,365,282,227,559,21.3,24,14.2,16,,,,,,existing,"opposite_side_same_market,open_copy_exposure"
0x7b88161f737e26b60bc86a3adf9089aaf1285d08,hourly_push,B,100.0,31.7,100.0,316,105,93,1012,41.5,73,22.9,19,,,,,,existing,"opposite_side_same_market,open_copy_exposure"
0x639cc0217f6d513f77cbe7cf3cb8e4d6115531e2,hourly_push,A,100.0,20.1,100.0,245,40,37,3206,24.5,13,35.9,3,,,,,,existing,"opposite_side_same_market,open_copy_exposure"
0xbc651060abb7c5f99988c352c8f4f8b2fb2696c8,hourly_push,B,100.0,31.1,100.0,192,159,140,873,41.6,22,38.5,16,,,,,,"existing,holder","opposite_side_same_market,open_copy_exposure"
0xd8b58788cc1b256886de4a3b2bbb1729948154c4,hourly_push,B,100.0,25.1,100.0,189,210,188,424,60.0,23,60.0,23,,,,,,existing,"opposite_side_same_market,open_copy_exposure"
0x927829baa6060c0d1d8633f9e11e7db158669a1b,hourly_push,B,100.0,30.9,100.0,188,258,139,809,48.7,6,49.0,5,,,,,,existing,"opposite_side_same_market,open_copy_exposure"
0xc289082ddba5a95e95efa216adbed7cc8ab4ab37,hourly_push,B,100.0,25.3,100.0,180,82,80,7043,38.4,6,-2.3,1,,,,,,existing,"opposite_side_same_market,open_copy_exposure"
0x79bd42fc5a28fa90cc57a50ec930ece64a3c5c31,hourly_push,B,100.0,34.0,100.0,142,63,63,1438,65.0,6,57.0,1,,,,,,existing,"opposite_side_same_market,open_copy_exposure"
0x20c6959a19427d373e3ce3397e54dd1d9d1745ae,hourly_push,C,100.0,43.4,100.0,134,53,38,527,61.2,3,117.0,1,,,,,,sports_tape,"burst_trading,opposite_side_same_market,open_copy_exposure"
0x888b6adca603e900a9d71613732727a68f7e5d1a,hourly_push,C,100.0,35.2,100.0,115,47,47,3008,136.7,30,124.9,9,,,,,,existing,"opposite_side_same_market,open_copy_exposure"
0xa8b8b7d86175f5918d40d8b282649a8da5f936dd,hourly_push,A,100.0,20.4,100.0,110,78,69,509,54.2,7,65.6,3,,,,,,existing,"opposite_side_same_market,open_copy_exposure"
0xc0874510683f919f96e2141da8ed2ccb53c5dbba,hourly_push,C,100.0,37.7,100.0,110,66,65,1850,171.6,22,151.1,13,,,,,,holder,"opposite_side_same_market,open_copy_exposure"
0x0f003f00e53f0dbb063e14b4da093ac8e3f473ce,hourly_push,A,100.0,24.7,100.0,84,88,69,2386,214.6,5,338.9,2,,,,,,existing,"opposite_side_same_market,open_copy_exposure"
0xc3ed109b65de5026da25cf80ce91779dfc2c9f79,hourly_push,A,100.0,20.2,100.0,83,42,42,7360,55.1,8,55.2,5,,,,,,existing,"opposite_side_same_market,open_copy_exposure"
0x768b48ad99802de613ca60003e4800eb2942bf0f,hourly_push,B,100.0,10.8,100.0,75,23,19,629,31.2,3,69.9,1,,,,,,existing,"opposite_side_same_market,open_copy_exposure"
0x68cb34a278606e379de8cbf07614df64aa696f57,hourly_push,A,100.0,21.9,100.0,75,56,44,552,38.1,26,46.1,17,,,,,,existing,opposite_side_same_market
0xfef0163f472acee028b09c8b97d44278de587708,hourly_push,B,100.0,15.3,100.0,51,45,32,447,41.1,3,-86.3,2,,,,,,existing,"opposite_side_same_market,open_copy_exposure"
0x8fd6ebe144e31e7f8b52fc057b5238892689c2b8,hourly_push,B,100.0,6.9,74.5,39,12,11,523,114.2,3,0.0,0,,,,,,"existing,holder",open_copy_exposure
0xfdff2d6e583b43f9882ec1984ca5bd119d744adc,hourly_push,C,96.7,36.1,100.0,31,13,13,1654,327.6,5,-22.1,2,,,,,,holder,"opposite_side_same_market,open_copy_exposure"
0x119eff62f459452c5e114d3a4735df13e3d4cb14,hourly_push,B,100.0,33.1,100.0,26,28,24,1773,84.4,5,84.4,5,,,,,,existing,opposite_side_same_market
0x6b51c57c9d9a1cd69fdabb6d2e6e637da04ead13,hourly_push,B,100.0,22.0,100.0,19,10,9,6557,79.5,4,76.3,2,,,,,,"existing,holder","opposite_side_same_market,open_copy_exposure"
0xa4b6586aa823347e9b865d7ed7a09100df0c7456,hourly_push,B,100.0,13.9,92.8,13,4,4,4384,89.3,3,0.0,0,,,,,,existing,opposite_side_same_market
0x84cfffc3f16dcc353094de30d4a45226eccd2f63,sports_holders_push,BOT,100.0,60.4,100.0,157,1140,123,61,0.0,0,0.0,0,1379292,925018,15,"esports:3,soccer:12",France vs. Spain: Team to Advance,"existing,holder,leaderboard_profit_7d,leaderboard_volume_30d,leaderboard_volume_7d,leaderboard_volume_all","bot_like_flow,fixed_price,burst_trading,open_copy_exposure"
0x6d20c35f65d9899b6d6b74f8466e824580f9a165,sports_holders_push,D,100.0,48.1,100.0,306,1292,244,1120,129.1,1,129.1,1,1180348,663902,2,"basketball:1,soccer:1",NBA Summer League: Utah Jazz vs. LA Clippers,"holder,leaderboard_profit_7d,leaderboard_volume_7d","bot_like_flow,burst_trading,open_copy_exposure"
0x3fd9a838ded6eb832baab3ccbcb5e934e3871ef0,sports_holders_push,D,100.0,52.8,100.0,227,122,42,599,0.0,0,0.0,0,1060243,700000,2,soccer:2,France vs. Spain: Team to Advance,"holder,leaderboard_profit_7d","bot_like_flow,burst_trading,open_copy_exposure"
0x7bc14171ccb0d3e6bac219ec6a76211826e28db4,sports_holders_push,BOT,43.5,100.0,65.9,157,783,26,718,-42.3,10,-0.0,2,1016054,155962,15,basketball:15,Will LeBron James play for the Milwaukee Bucks in 2026-27?,existing,"bot_like_flow,fixed_amount,fixed_price,extreme_price_heavy,burst_trading,opposite_side_same_market,negative_copy_sim,open_copy_exposure"
0x85f031d069de300055900c4055c1baeb6bde3f67,sports_holders_push,D,100.0,55.5,100.0,228,1353,209,310,0.0,0,0.0,0,905626,849757,3,soccer:3,Will France win on 2026-07-14?,"existing,holder","bot_like_flow,fixed_price,burst_trading,open_copy_exposure"
0x2c335066fe58fe9237c3d3dc7b275c2a034a0563,sports_holders_push,BOT,95.9,83.8,100.0,576,1271,514,2236,0.0,0,0.0,0,439059,427330,2,"basketball:1,soccer:1",NBA Summer League: Utah Jazz vs. LA Clippers,"holder,leaderboard_profit_30d,leaderboard_profit_all,leaderboard_volume_30d,leaderboard_volume_7d,leaderboard_volume_all","bot_like_flow,fixed_price,extreme_price_heavy,burst_trading,open_copy_exposure"
0xd49f5853b265bb1c30f25d60d891f7f1749a4507,sports_holders_push,BOT,100.0,61.8,100.0,417,180,60,1731,148.7,15,146.1,3,573333,573333,1,soccer:1,France vs. Spain: Team to Advance,"holder,leaderboard_volume_7d","bot_like_flow,burst_trading,opposite_side_same_market,open_copy_exposure"
0x011f2d377e56119fb09196dffb0948ae55711122,sports_holders_push,BOT,100.0,93.4,100.0,68,1069,47,19,18.1,6,20.0,5,868673,108548,32,basketball:32,Will LeBron James play for the Denver Nuggets in 2026-27?,existing,"bot_like_flow,fixed_amount,extreme_price_heavy,burst_trading,opposite_side_same_market,open_copy_exposure"
0xe9076a87c5ed90ef16e6fe6529c943baeca0cff6,sports_holders_push,BOT,96.6,85.0,100.0,91,181,14,29,-5.7,23,-1.5,3,842035,121191,107,"basketball:27,esports:15,soccer:65",France vs. Spain: Team to Advance,"existing,holder,leaderboard_volume_30d,leaderboard_volume_7d,leaderboard_volume_all,sports_tape","bot_like_flow,burst_trading,opposite_side_same_market,negative_copy_sim,open_copy_exposure"
0xe4fc1041edb5c205e449fb6a5967e9db24418af7,sports_holders_push,D,85.3,58.0,88.5,878,1001,593,170,-1.2,83,-1.4,57,36000,12000,3,soccer:3,Will France win on 2026-07-14?,holder,"bot_like_flow,burst_trading,opposite_side_same_market,negative_copy_sim"
0x69aa9fa621403e3a121b29ad77d32ba9eb5e8847,sports_holders_push,BOT,64.2,90.8,76.8,648,118,74,3106,-2.5,24,-21.2,4,187218,187218,1,basketball:1,Will LeBron James play for the Los Angeles Lakers in 2026-27?,existing,"bot_like_flow,extreme_price_heavy,burst_trading,opposite_side_same_market,negative_copy_sim,open_copy_exposure"
0xee00ba338c59557141789b127927a55f5cc5cea1,sports_holders_push,BOT,100.0,61.2,100.0,510,1192,438,3793,4.2,1,0.0,0,304424,140839,12,soccer:12,Will Kylian Mbappe be the top goalscorer at the 2026 FIFA World Cup?,"existing,holder,leaderboard_profit_all","bot_like_flow,burst_trading,open_copy_exposure"
0x60bad0ad4871a31cb2bf392472056b15e20b3c6c,sports_holders_push,D,74.3,58.1,84.6,751,1131,541,120,-1.2,40,-1.3,23,36000,9000,4,soccer:4,France vs. Spain: Team to Advance,holder,"bot_like_flow,burst_trading,opposite_side_same_market,negative_copy_sim"
0x18b84caa510f257bc961daa88a738994ae66c368,sports_holders_push,D,100.0,49.4,100.0,592,249,203,2174,41.1,102,3.8,40,178005,118000,3,soccer:3,France vs. Spain: Team to Advance,holder,"bot_like_flow,burst_trading,opposite_side_same_market"
0x929c4817e4c765a9ae72431bd4650597a5b8fe32,sports_holders_push,BOT,100.0,61.9,100.0,631,605,328,240,18.5,94,8.4,56,117026,40270,10,"basketball:6,soccer:4",Will Ousmane Dembele be the top goalscorer at the 2026 FIFA World Cup?,"existing,holder","bot_like_flow,burst_trading,opposite_side_same_market"
0x9df5166f93d6a65ac3c3428d8644b2e7175361e1,sports_holders_push,BOT,4.9,54.5,30.4,187,1058,158,263,0.0,0,0.0,0,566805,394646,4,basketball:4,Will LeBron James play for the Los Angeles Lakers in 2026-27?,existing,"bot_like_flow,burst_trading,open_copy_exposure"
0x1418d1d10cc82124d6e3ba689062bfe0d2876fef,sports_holders_push,D,75.6,57.9,86.2,697,1043,528,139,-1.2,60,-1.3,43,37000,12000,4,soccer:4,Will France win on 2026-07-14?,holder,"bot_like_flow,burst_trading,opposite_side_same_market,negative_copy_sim"
0x8b4bca1d794779e66e023d44391b2a86c5ab541b,sports_holders_push,D,90.6,57.5,84.4,494,442,69,720,1.9,1,0.0,0,226378,113626,8,"basketball:1,soccer:7",Will Kylian Mbappe be the top goalscorer at the 2026 FIFA World Cup?,"existing,holder","bot_like_flow,burst_trading,open_copy_exposure"
0x014c4e7ae2145992861c2d1b124af633a97f820c,sports_holders_push,D,100.0,50.1,100.0,662,399,216,738,17.9,45,42.4,16,54995,9709,16,"basketball:6,soccer:10",Will LeBron James play for the Philadelphia 76ers in 2026-27?,"existing,holder","bot_like_flow,burst_trading,opposite_side_same_market,open_copy_exposure"
0x9854aeab8b073c34ab7643f3e8aa316f3b616bf2,sports_holders_push,D,100.0,59.9,100.0,505,1357,454,1674,84.8,15,84.8,15,205954,205954,1,soccer:1,Will France win on 2026-07-14?,"holder,leaderboard_volume_7d","bot_like_flow,burst_trading,opposite_side_same_market,open_copy_exposure"
0x32b484581fc5606de9c1e43af4636b6be9bc8b21,sports_holders_push,C,100.0,40.3,100.0,616,443,225,771,0.0,0,0.0,0,82497,82497,1,soccer:1,Will Spain win on 2026-07-14?,"holder,leaderboard_volume_30d","burst_trading,open_copy_exposure"
0xa0f21e6d351baa9185716b5c00c2925ed9621848,sports_holders_push,BOT,100.0,74.2,100.0,541,765,177,151,-2.4,62,-11.9,13,154009,30518,28,"basketball:20,soccer:8",Will LeBron James play for the Golden State Warriors in 2026-27?,"existing,holder,leaderboard_volume_7d,recent_trade","bot_like_flow,burst_trading,opposite_side_same_market,negative_copy_sim"
0xed107a85a4585a381e48c7f7ca4144909e7dd2e5,sports_holders_push,BOT,70.3,76.5,76.5,601,17,13,5537,-18.0,2,0.0,0,72865,36500,3,basketball:3,Will LeBron James play for the Los Angeles Lakers in 2026-27?,"existing,leaderboard_volume_all","bot_like_flow,extreme_price_heavy,burst_trading,opposite_side_same_market,open_copy_exposure"
0x2f5bb96e2da56a85e7bfddcad6e48f73e9bbe747,sports_holders_push,BOT,87.6,61.6,87.9,623,1134,477,135,-0.5,51,-0.5,37,35998,12000,3,soccer:3,Will France win on 2026-07-14?,holder,"bot_like_flow,burst_trading,opposite_side_same_market,negative_copy_sim"
0xd84949634cf9aac74cab066cb978ac33ac676ac7,sports_holders_push,BOT,62.1,59.4,77.0,576,325,201,1574,-41.7,24,-10.3,5,65800,50000,2,soccer:2,Will France reach the 2026 FIFA World Cup final?,"existing,holder","bot_like_flow,burst_trading,opposite_side_same_market,negative_copy_sim,open_copy_exposure"
0xecaa8806a9a05049d7d5260a33dc924220e377a9,sports_holders_push,D,89.6,58.3,96.8,437,734,229,565,-35.2,28,-21.9,16,171245,45591,6,soccer:6,Will Kylian Mbappe be the top goalscorer at the 2026 FIFA World Cup?,"existing,holder","bot_like_flow,burst_trading,opposite_side_same_market,negative_copy_sim,open_copy_exposure"
0xc2e5359b204c4296b7e1a07603fe0b657486b3a5,sports_holders_push,C,100.0,43.9,100.0,560,983,406,165,-1.5,1,-1.5,1,44914,15839,6,"basketball:1,soccer:5",Will Lionel Messi win the Golden Ball at the 2026 FIFA World Cup?,"existing,holder","burst_trading,open_copy_exposure"
0xd218e474776403a330142299f7796e8ba32eb5c9,sports_holders_push,BOT,90.3,69.1,87.1,243,303,30,147,0.0,0,0.0,0,360342,76507,48,"basketball:15,soccer:33",Will Argentina reach the 2026 FIFA World Cup final?,"existing,holder,leaderboard_profit_7d,leaderboard_volume_7d,leaderboard_volume_all","bot_like_flow,extreme_price_heavy,burst_trading,open_copy_exposure"
0xc58df0b98437f613e20916c242403e0a6c009373,sports_holders_push,D,100.0,57.5,100.0,154,1498,154,73,0.0,0,0.0,0,444442,444442,1,soccer:1,France vs. Spain: Team to Advance,holder,"bot_like_flow,fixed_price,burst_trading,open_copy_exposure"
0xb3cfe7615d64db8dfa743a1b1a2b976911460ebd,sports_holders_push,D,100.0,56.0,100.0,490,378,141,828,12.6,2,7.8,1,102310,92657,2,basketball:2,NBA Summer League: Utah Jazz vs. LA Clippers,"holder,recent_trade","bot_like_flow,burst_trading,opposite_side_same_market,open_copy_exposure"
0x381b9294c1b95b61d018ff56312fbcc4897c4d74,sports_holders_push,BOT,96.1,94.3,100.0,492,1248,462,2477,50.3,5,50.3,5,89200,51300,2,soccer:2,France vs. Spain: Team to Advance,holder,"bot_like_flow,fixed_price,extreme_price_heavy,burst_trading,opposite_side_same_market,open_copy_exposure"
0xcf6c5492124794394dd9eac46498a8babbe47e66,sports_holders_push,D,100.0,59.9,100.0,431,677,178,837,-0.6,7,-0.7,3,138890,122550,3,soccer:3,Will France win on 2026-07-14?,"existing,holder","bot_like_flow,burst_trading,opposite_side_same_market,negative_copy_sim,open_copy_exposure"
0xb10047d6a254b2ebb306d7a7d13bf59171ab6461,sports_holders_push,BOT,85.7,77.5,91.1,417,600,71,557,-7.0,22,4.0,5,142980,42258,5,soccer:5,Will Kylian Mbappe be the top goalscorer at the 2026 FIFA World Cup?,"existing,holder","bot_like_flow,burst_trading,opposite_side_same_market,negative_copy_sim"
0x8d06b69858838de58452d964bbde54b33f6a7910,sports_holders_push,BOT,100.0,69.2,100.0,484,133,55,2139,32.7,16,-6.7,4,72727,72727,1,soccer:1,Will France win on 2026-07-14?,"holder,leaderboard_profit_7d","bot_like_flow,burst_trading,opposite_side_same_market,open_copy_exposure"
0x0d18e30e252008d83f51dae00d36873ddd9e24a6,sports_holders_push,BOT,99.7,62.4,100.0,454,792,231,666,0.0,0,0.0,0,100000,100000,1,soccer:1,Will France win on 2026-07-14?,"holder,leaderboard_profit_30d","bot_like_flow,fixed_price,burst_trading,opposite_side_same_market,open_copy_exposure"
0xf0318c32136c2db7fec88b84869aee6a1106c80c,sports_holders_push,D,100.0,51.2,100.0,266,1039,105,683,0.0,0,0.0,0,287053,287053,1,soccer:1,France vs. Spain: Team to Advance,"existing,holder,leaderboard_profit_7d,leaderboard_profit_all,leaderboard_volume_30d,leaderboard_volume_7d","bot_like_flow,fixed_price,burst_trading,open_copy_exposure"
0x9703676286b93c2eca71ca96e8757104519a69c2,sports_holders_push,D,100.0,53.4,100.0,421,506,115,242,0.0,0,0.0,0,119308,39466,5,soccer:5,Will Spain win on 2026-07-14?,"existing,holder,leaderboard_volume_30d","bot_like_flow,burst_trading,open_copy_exposure"
0xdebbe89ceb32828a99648bca497684f5209ceedb,sports_holders_push,C,100.0,44.4,100.0,471,609,224,220,-5.8,2,-98.6,1,65996,18032,18,soccer:18,Will Lionel Messi win the Golden Ball at the 2026 FIFA World Cup?,"existing,holder","burst_trading,opposite_side_same_market,open_copy_exposure"
0xec445c8bee160281558ebb9b083ac0025006c92b,sports_holders_push,BOT,100.0,77.3,100.0,366,654,193,1220,124.2,16,129.0,10,167695,167695,1,soccer:1,Will France win on 2026-07-14?,"existing,holder","bot_like_flow,extreme_price_heavy,burst_trading,opposite_side_same_market,open_copy_exposure"
0x661daf6af6d884012dd6db73c09d72e8be224dc6,sports_holders_push,BOT,100.0,62.3,100.0,410,824,219,170,7.8,14,14.1,8,98358,31813,6,"basketball:3,soccer:3",Will Lionel Messi be the top goalscorer at the 2026 FIFA World Cup?,"existing,holder","bot_like_flow,burst_trading,opposite_side_same_market,open_copy_exposure"
0x20d6436849f930584892730c7f96ebb2ac763856,sports_holders_push,BOT,90.0,100.0,100.0,62,1366,44,72,1.3,2,1.3,2,441061,100546,10,basketball:10,Will LeBron James play for the Los Angeles Lakers in 2026-27?,existing,"bot_like_flow,fixed_amount,fixed_price,extreme_price_heavy,burst_trading,opposite_side_same_market,open_copy_exposure"
0xde7cdcab3e0c5b0e8315da358e80c7d80a12c933,sports_holders_push,BOT,100.0,69.1,100.0,414,343,139,354,8.0,36,27.8,17,74769,22005,6,"basketball:4,soccer:2",Will New York Knicks win the 2027 NBA Finals?,"existing,holder","bot_like_flow,burst_trading,opposite_side_same_market"
0xb10bf118b2a3c1cff0379a4134a82eb6d51e0b04,sports_holders_push,BOT,100.0,83.2,100.0,241,647,124,292,111.5,17,94.8,7,241628,121428,10,"basketball:3,esports:4,soccer:3",Will Lionel Messi be the top goalscorer at the 2026 FIFA World Cup?,"existing,holder","bot_like_flow,fixed_price,burst_trading,opposite_side_same_market,open_copy_exposure"
0xdf17f4a8dd01a4cfa6fc3da323a2baee5f8697d1,sports_holders_push,BOT,100.0,81.8,100.0,420,556,142,773,16.2,15,15.4,11,61669,31987,6,basketball:6,Will LeBron James play for the Miami Heat in 2026-27?,existing,"bot_like_flow,extreme_price_heavy,burst_trading,opposite_side_same_market"
0xecb14ac6e9ca447ce2f2912e6217b43d7b655da3,sports_holders_push,BOT,100.0,73.8,100.0,385,372,74,819,29.8,11,89.7,2,95947,62782,2,basketball:2,Will LeBron James play for the Los Angeles Lakers in 2026-27?,existing,"bot_like_flow,burst_trading,opposite_side_same_market,open_copy_exposure"
0x1eaf5d5f822dc5211c25b5839e5b7aa70f319bf0,sports_holders_push,C,100.0,44.5,100.0,293,509,92,154,0.0,0,0.0,0,179205,29000,8,soccer:8,Will Jude Bellingham be the top goalscorer at the 2026 FIFA World Cup?,"existing,holder","burst_trading,open_copy_exposure"
0xa8bd9ae70657db83444c6ca987b8aeb9fb0ab7aa,sports_holders_push,BOT,70.9,63.3,85.0,353,934,211,289,-60.3,9,-34.0,2,102000,52000,2,soccer:2,Will Kylian Mbappe be the top goalscorer at the 2026 FIFA World Cup?,holder,"bot_like_flow,burst_trading,opposite_side_same_market,negative_copy_sim,open_copy_exposure"
0xdac7c8e3941162ca3f8b378eafaa2b3696596d53,sports_holders_push,BOT,100.0,65.6,100.0,327,766,162,645,15.2,12,49.7,6,125000,125000,1,soccer:1,Will France win on 2026-07-14?,holder,"bot_like_flow,burst_trading,opposite_side_same_market,open_copy_exposure"
0x1cc16713196d456f86fa9c7387dd326a7f73b8df,sports_holders_push,BOT,100.0,61.6,100.0,390,11,11,1109,315.0,15,-3.6,1,58220,58220,1,soccer:1,Will England reach the 2026 FIFA World Cup final?,existing,"bot_like_flow,burst_trading,opposite_side_same_market,open_copy_exposure"
0xd961dd5107dc8cfbc95d26f3c9c9bac9264235de,sports_holders_push,BOT,100.0,64.2,100.0,257,1278,234,313,1.4,22,1.4,22,179418,88888,4,soccer:4,France vs. Spain: Team to Advance,holder,"bot_like_flow,burst_trading,opposite_side_same_market"
0xfd2930a094c0a6900a2dc947e5db462d11ae77ae,sports_holders_push,D,100.0,52.4,100.0,194,1493,192,121,0.0,0,0.0,0,238076,238076,1,soccer:1,Will France win on 2026-07-14?,holder,"bot_like_flow,fixed_price,burst_trading,open_copy_exposure"
0x7583d5f8a1031ff4afcdc6db4e2143bfd41b4df2,sports_holders_push,BOT,73.8,70.4,98.2,59,22,22,11056,-8.8,4,255.9,1,368792,318792,2,soccer:2,Will France win on 2026-07-14?,"holder,leaderboard_volume_7d","bot_like_flow,fixed_price,burst_trading,opposite_side_same_market,open_copy_exposure"
0xb272505077cc2c6bde5acca133ea6364152e5030,sports_holders_push,BOT,100.0,70.6,100.0,251,367,14,211,9.6,7,0.1,1,170000,100000,4,basketball:4,Will LeBron James play for the Philadelphia 76ers in 2026-27?,"existing,leaderboard_profit_7d","bot_like_flow,burst_trading,opposite_side_same_market,open_copy_exposure"
0x54525ee78bd513b0bf75f94e560158f6fc35d448,sports_holders_push,C,100.0,39.7,100.0,315,1223,287,197,0.0,0,0.0,0,101291,49823,13,soccer:13,Will Jude Bellingham be the top goalscorer at the 2026 FIFA World Cup?,"existing,holder","burst_trading,open_copy_exposure"
0x7dddf1968c14900b2d2ef9dada8465e82ac4c933,sports_holders_push,BOT,95.6,62.8,100.0,145,1482,145,499,0.0,0,0.0,0,270000,270000,1,soccer:1,Will France vs. Spain end in a draw?,"existing,holder","bot_like_flow,fixed_price,burst_trading,open_copy_exposure"
0xf68a281980f8c13828e84e147e3822381d6e5b1b,sports_holders_push,D,100.0,57.9,100.0,333,780,217,328,-0.6,1,0.0,0,77809,14811,24,"esports:9,soccer:15",Will Lionel Messi be the top goalscorer at the 2026 FIFA World Cup?,"existing,holder","bot_like_flow,burst_trading,opposite_side_same_market,open_copy_exposure"
0x204f72f35326db932158cba6adff0b9a1da95e14,sports_holders_push,D,100.0,56.5,100.0,115,523,51,55,0.0,0,0.0,0,283899,282327,4,"basketball:2,soccer:2",Will France win on 2026-07-14?,"existing,holder,leaderboard_profit_30d,leaderboard_profit_all,leaderboard_volume_30d,leaderboard_volume_7d,leaderboard_volume_all,sports_tape","bot_like_flow,burst_trading,open_copy_exposure"
0xe558bb7b02ea489d772bd34f14cc845e391fdcd2,sports_holders_push,D,100.0,45.2,100.0,341,809,186,848,-42.0,1,-42.0,1,56436,56436,1,basketball:1,NBA Summer League: Utah Jazz vs. LA Clippers,holder,"bot_like_flow,burst_trading,open_copy_exposure"
0x5257aa84944804bbb0c718814ebebeeafaca3e2a,sports_holders_push,D,100.0,57.3,100.0,194,1343,154,304,0.0,0,0.0,0,200000,200000,1,soccer:1,France vs. Spain: Team to Advance,"existing,holder","bot_like_flow,fixed_price,burst_trading,open_copy_exposure"
0x896e299faf7e6359a353e20cddcc3364fbe553f2,sports_holders_push,BOT,100.0,69.4,100.0,336,125,117,1870,55.8,76,55.1,29,50000,50000,1,soccer:1,France vs. Spain: Team to Advance,holder,"bot_like_flow,burst_trading,opposite_side_same_market,open_copy_exposure"
0xdfda01f4b92cd096c6d04eed6eb2b069fd584fe6,sports_holders_push,D,100.0,54.2,100.0,316,734,168,242,15.3,12,21.1,4,62580,58000,2,soccer:2,France vs. Spain: Team to Advance,holder,"bot_like_flow,burst_trading,opposite_side_same_market,open_copy_exposure"
0x225b8c4561bbb07f92f380f6bc8d92071f1a9a83,sports_holders_push,D,100.0,47.2,100.0,300,1455,298,83,0.0,0,0.0,0,77354,31279,5,soccer:5,Will England reach the 2026 FIFA World Cup final?,"existing,holder","bot_like_flow,fixed_price,burst_trading,open_copy_exposure"
0x0c787cc2962ee6464414da592b892c3886e077f1,sports_holders_push,D,100.0,52.1,100.0,280,1295,241,417,1.1,3,0.0,0,97149,97149,1,soccer:1,Will France vs. Spain end in a draw?,"existing,holder,leaderboard_profit_30d","bot_like_flow,fixed_price,burst_trading,open_copy_exposure"
0xe94bf89e66b852d60866667bddf7bff9dad65abe,sports_holders_push,D,100.0,54.7,100.0,337,144,56,92,41.8,65,94.1,10,39167,13745,5,"basketball:2,soccer:3",Will Jude Bellingham be the top goalscorer at the 2026 FIFA World Cup?,holder,"bot_like_flow,burst_trading,opposite_side_same_market"
0x8a260ebadf8ef07e693dd1b0be120b3330dd73c3,sports_holders_push,D,99.1,51.0,100.0,120,154,62,2321,0.0,0,0.0,0,250000,250000,1,soccer:1,Will France win on 2026-07-14?,holder,"bot_like_flow,burst_trading,open_copy_exposure"
0x7ea571c40408f340c1c8fc8eaacebab53c1bde7b,sports_holders_push,D,100.0,45.0,100.0,333,588,124,136,0.0,0,0.0,0,36100,17656,8,soccer:8,Will France win on 2026-07-14?,"existing,holder,sports_tape","bot_like_flow,burst_trading,open_copy_exposure"
0x6d3c5bd13984b2de47c3a88ddc455309aab3d294,sports_holders_push,BOT,100.0,65.7,100.0,250,698,97,109,1.2,28,0.9,11,118082,65317,8,soccer:8,France vs. Spain: Team to Advance,"existing,holder,leaderboard_volume_30d,leaderboard_volume_7d,leaderboard_volume_all,sports_tape","bot_like_flow,burst_trading,opposite_side_same_market,open_copy_exposure"
0x2b51107e8d030397ea728a794405ffbcf1d2e165,sports_holders_push,D,100.0,49.0,100.0,265,258,180,1138,46.3,23,67.3,15,101980,79044,2,basketball:2,Will Oklahoma City Thunder win the 2027 NBA Finals?,existing,"bot_like_flow,burst_trading,opposite_side_same_market,open_copy_exposure"
0x2d6ac4f70307102ac46e9e6ded67f3838ddf8add,sports_holders_push,C,100.0,44.9,100.0,288,512,76,124,0.0,0,0.0,0,77221,15927,23,soccer:23,Will Spain win on 2026-07-14?,"existing,holder,leaderboard_volume_30d,leaderboard_volume_7d","burst_trading,open_copy_exposure"
0x4d32e23ab079511ab2de13d58211a99b23d39dfc,sports_holders_push,BOT,78.3,69.8,78.6,292,425,122,387,-5.2,5,-8.5,1,73275,53749,3,soccer:3,Will Argentina reach the 2026 FIFA World Cup final?,existing,"bot_like_flow,burst_trading,opposite_side_same_market,negative_copy_sim,open_copy_exposure"
0x5e6e2c3f06686f2607b86c90e35f536e81a1be00,sports_holders_push,D,100.0,59.8,100.0,320,660,199,339,-10.7,4,-99.8,1,40000,40000,1,basketball:1,NBA Summer League: Utah Jazz vs. LA Clippers,"existing,holder","bot_like_flow,burst_trading,opposite_side_same_market,open_copy_exposure"
0xa38a455bbdd4b68486548b7e19da99903f4f821d,sports_holders_push,D,100.0,57.4,100.0,274,797,142,214,0.0,0,0.0,0,83225,52072,3,"basketball:1,soccer:2",Will Lionel Messi be the top goalscorer at the 2026 FIFA World Cup?,"existing,holder","bot_like_flow,burst_trading,open_copy_exposure"
0xa18c5cf2bc6eec389d2d512582ae14654b99d792,sports_holders_push,C,100.0,44.9,100.0,295,949,153,273,0.0,0,0.0,0,50053,16792,8,soccer:8,Will France reach the 2026 FIFA World Cup final?,holder,"burst_trading,open_copy_exposure"
0xc6a71cad90060abc0c1ff8ebd6f6a8fc02ed504e,sports_holders_push,D,95.0,58.7,100.0,221,90,58,1501,2.7,22,-6.8,5,124547,124547,1,soccer:1,France vs. Spain: Team to Advance,holder,"bot_like_flow,burst_trading,opposite_side_same_market"
0x7a0219bca476b3640c09fb2e6068176bf80d3b38,sports_holders_push,BOT,0.0,56.0,29.2,195,933,109,289,0.0,0,0.0,0,155463,155463,1,soccer:1,Will France win on 2026-07-14?,holder,"bot_like_flow,fixed_price,burst_trading,open_copy_exposure"
0xcf7379b4b891c06d88807f6f70efa75378120215,sports_holders_push,C,100.0,45.0,100.0,265,463,45,102,0.0,0,0.0,0,73279,16000,21,soccer:21,Will Spain win on 2026-07-14?,"existing,holder,leaderboard_volume_30d,leaderboard_volume_7d","burst_trading,open_copy_exposure"
0x53757615de1c42b83f893b79d4241a009dc2aeea,sports_holders_push,C,100.0,44.9,100.0,286,1278,284,458,0.0,0,0.0,0,50555,11416,13,"basketball:7,soccer:6",Will Golden State Warriors win the 2027 NBA Finals?,"existing,holder","burst_trading,open_copy_exposure"
0xfb5148fc7223630e0967dbfa8cd920d83ab4742d,sports_holders_push,BOT,96.7,63.4,93.3,276,434,68,225,-2.5,18,6.3,5,61745,30000,6,soccer:6,France vs. Spain: Team to Advance,holder,"bot_like_flow,burst_trading,opposite_side_same_market,negative_copy_sim,open_copy_exposure"
0xf410c083eb92d2ba6417b6c77797a83057deca73,sports_holders_push,D,100.0,55.1,100.0,300,447,139,281,5.8,10,-1.6,4,36350,34861,3,soccer:3,Will England reach the 2026 FIFA World Cup final?,existing,"bot_like_flow,burst_trading,opposite_side_same_market,open_copy_exposure"
0x7e5972bfc25819775ee5a9d4f191919375487b8b,sports_holders_push,D,100.0,46.6,100.0,212,583,77,123,0.0,0,0.0,0,121581,24949,23,"esports:3,soccer:20",Will France reach the 2026 FIFA World Cup final?,"existing,holder","bot_like_flow,burst_trading,open_copy_exposure"
0x22d3f8a94992261392eed316429b466d72895e3a,sports_holders_push,D,100.0,46.9,100.0,288,466,151,287,5.5,2,6.9,1,42447,23009,4,soccer:4,Will Argentina reach the 2026 FIFA World Cup final?,"existing,holder","bot_like_flow,burst_trading,opposite_side_same_market,open_copy_exposure"
0x511f9c771449162349795d17becf8b37031acbe1,sports_holders_push,BOT,94.9,98.4,100.0,204,460,86,94,0.0,0,0.0,0,124230,24807,32,"basketball:14,esports:10,soccer:8",Will Ferran Torres be the top goalscorer at the 2026 FIFA World Cup?,"existing,leaderboard_profit_7d","bot_like_flow,extreme_price_heavy,burst_trading,opposite_side_same_market,open_copy_exposure"
0xeb22f4735df6bd5d14e1b5fd10faefa7757d808a,sports_holders_push,BOT,100.0,76.4,100.0,161,779,52,99,34.9,9,12.0,2,161536,45690,9,"basketball:7,soccer:2",Will LeBron James play for the Philadelphia 76ers in 2026-27?,"existing,holder","bot_like_flow,burst_trading,opposite_side_same_market,open_copy_exposure"
0xd44f4dcf4bbb6b20db270c478261e2d799f37842,sports_holders_push,D,84.8,50.9,100.0,218,1488,218,170,0.0,0,0.0,0,95166,95166,1,soccer:1,Will France win on 2026-07-14?,holder,"bot_like_flow,fixed_price,burst_trading,open_copy_exposure"
0xe221be3b45dfe5ed562ee9dc16f47205728e06f6,sports_holders_push,D,100.0,59.6,100.0,234,1015,89,1873,-35.8,3,0.0,0,77777,77777,1,soccer:1,Will Kylian Mbappe be the top goalscorer at the 2026 FIFA World Cup?,"existing,holder","bot_like_flow,fixed_price,burst_trading,opposite_side_same_market,open_copy_exposure"
0x37f4c111b2a973fb8a9cce94d6ff60048c7249af,sports_holders_push,D,100.0,51.8,100.0,272,537,119,118,-1.2,8,-4.0,4,37092,37092,1,soccer:1,Will Lionel Messi be the top goalscorer at the 2026 FIFA World Cup?,holder,"bot_like_flow,burst_trading,opposite_side_same_market,negative_copy_sim,open_copy_exposure"
0xfea31bc088000ff909be1dfd8d0e3f2c7ef2d227,sports_holders_push,BOT,100.0,65.8,100.0,227,1325,202,427,1.7,2,1.7,1,79193,71115,4,soccer:4,Will France reach the 2026 FIFA World Cup final?,"existing,leaderboard_profit_30d,leaderboard_profit_7d","bot_like_flow,fixed_price,burst_trading,opposite_side_same_market"
0x2a8279573628e5b7a79c895d502e643ce7794a0e,sports_holders_push,B,100.0,10.1,100.0,99,172,99,666,0.0,0,0.0,0,202780,108458,4,basketball:4,Will LeBron James play for the Golden State Warriors in 2026-27?,existing,"opposite_side_same_market,open_copy_exposure"
0xe8c20fd0542de42dd53682c2d3bb58717b093048,sports_holders_push,D,100.0,39.9,100.0,221,1037,152,124,-1.3,5,-3.3,3,76209,37459,5,soccer:5,Will France reach the 2026 FIFA World Cup final?,existing,"burst_trading,opposite_side_same_market,negative_copy_sim,open_copy_exposure"
0xd72804b664e82152476670ba32f3e75f1cbb9e9b,sports_holders_push,D,80.9,53.9,100.0,55,3,3,557,13.6,1,0.0,0,244575,244575,1,soccer:1,France vs. Spain: Team to Advance,holder,"bot_like_flow,fixed_price,burst_trading"
0x9014e9524af13abd4a10f6f59bc5608f66485b73,sports_holders_push,D,100.0,33.4,95.3,161,56,8,181,-2.0,29,-2.9,2,134174,134174,1,soccer:1,Will Lamine Yamal be the top goalscorer at the 2026 FIFA World Cup?,existing,"opposite_side_same_market,negative_copy_sim"
0xadfb6cba33cebca02eab6111ace1e3924b9cc2ef,sports_holders_push,C,100.0,41.1,100.0,244,407,51,71,0.0,0,0.0,0,49925,6028,21,soccer:21,England vs. Argentina: Team to Advance,holder,"burst_trading,open_copy_exposure"
0xe542afd3881c4c330ba0ebbb603bb470b2ba0a37,sports_holders_push,BOT,93.0,100.0,100.0,141,332,35,195,21.0,19,10.4,1,154786,23088,38,"basketball:10,soccer:28",Will Jude Bellingham be the top goalscorer at the 2026 FIFA World Cup?,"existing,holder","bot_like_flow,extreme_price_heavy,burst_trading,opposite_side_same_market"
0xadec0c1c1991e9dd0bdcf9401479614b65b43c7b,sports_holders_push,BOT,100.0,71.0,100.0,228,45,24,141,16.2,23,0.0,0,64012,9366,10,soccer:10,Will Jude Bellingham be the top goalscorer at the 2026 FIFA World Cup?,holder,"bot_like_flow,extreme_price_heavy,burst_trading,opposite_side_same_market"
0x2ccc6ebc5e41d41a3f2a3662c5d4f6547e075a0f,sports_holders_push,BOT,27.0,93.5,55.2,32,1443,21,15,-26.6,3,-26.6,3,265643,35429,17,basketball:17,Will Indiana Pacers win the 2027 NBA Finals?,existing,"bot_like_flow,extreme_price_heavy,burst_trading,opposite_side_same_market,open_copy_exposure"
0xc02147dee42356b7a4edbb1c35ac4ffa95f61fa8,sports_holders_push,BOT,100.0,87.7,100.0,225,924,95,236,3.7,15,-11.7,9,64318,9822,9,soccer:9,Will Mikel Oyarzabal be the top goalscorer at the 2026 FIFA World Cup?,"existing,holder","bot_like_flow,fixed_price,extreme_price_heavy,burst_trading,opposite_side_same_market"
0xe903187c02e8299a7bb28af22c1f560a337d6adb,sports_holders_push,D,100.0,54.0,100.0,241,1249,205,143,-7.7,4,-7.7,4,44977,39999,2,soccer:2,France vs. Spain: Team to Advance,holder,"bot_like_flow,burst_trading,opposite_side_same_market,open_copy_exposure"
0x03805a13a0b3e058f55f6c6af95389d4f431073d,sports_holders_push,BOT,100.0,80.2,100.0,221,134,27,76,0.0,0,0.0,0,65838,6512,68,"basketball:43,esports:11,soccer:14",Will LeBron James play for the Milwaukee Bucks in 2026-27?,"existing,holder","bot_like_flow,extreme_price_heavy,burst_trading,open_copy_exposure"
0xbd73c1249c35b9737cada3619d01cd79efc44da1,sports_holders_push,BOT,100.0,64.0,100.0,240,424,53,112,123.3,48,101.4,7,44919,33086,2,soccer:2,Will Julian Alvarez be the top goalscorer at the 2026 FIFA World Cup?,holder,"bot_like_flow,extreme_price_heavy,burst_trading,opposite_side_same_market,open_copy_exposure"
0x21064fd320bfd5a86f8c92a94d3209edf4154dea,sports_holders_push,BOT,84.9,100.0,93.2,48,117,8,21,-0.3,3,0.0,0,237280,22006,30,"basketball:23,soccer:7",Will Ferran Torres be the top goalscorer at the 2026 FIFA World Cup?,"existing,holder","bot_like_flow,fixed_amount,extreme_price_heavy,burst_trading,opposite_side_same_market,open_copy_exposure"
0xfe9455e2cad5257b26547af62cbbfd75c8968a3d,sports_holders_push,BOT,91.3,61.3,100.0,209,315,36,327,5.9,5,2.1,2,73465,50000,3,soccer:3,France vs. Spain: Team to Advance,holder,"bot_like_flow,burst_trading,opposite_side_same_market,open_copy_exposure"
0x7e5e420a5cde8a322f3b5b93a12a164827f47315,sports_holders_push,BOT,100.0,66.0,100.0,197,1162,144,190,-4.1,3,-6.5,1,84381,82000,4,"esports:3,soccer:1",France vs. Spain: Team to Advance,"existing,holder","bot_like_flow,fixed_price,burst_trading,opposite_side_same_market,open_copy_exposure"
0x5b6331e7ff0831a3fe2ed12004747db1a9c911a4,sports_holders_push,BOT,89.9,77.8,100.0,121,94,11,51,-16.3,23,-3.4,1,158693,34149,38,"esports:2,soccer:36",Will Ousmane Dembele be the top goalscorer at the 2026 FIFA World Cup?,"existing,holder,leaderboard_volume_30d","bot_like_flow,burst_trading,opposite_side_same_market,negative_copy_sim,open_copy_exposure"
0xcbba64cddd05171925ffd05d8f8abd38c83fdbff,sports_holders_push,BOT,100.0,60.8,99.7,94,1035,77,68,1.5,1,1.5,1,183733,85555,3,soccer:3,Will France win on 2026-07-14?,holder,"bot_like_flow,fixed_price,burst_trading,open_copy_exposure"
0x53ecc53e7a69aad0e6dda60264cc2e363092df91,sports_holders_push,BOT,100.0,73.1,100.0,190,1086,158,277,87.3,3,146.3,1,84694,39317,4,"basketball:3,soccer:1",Will LeBron James play for the Golden State Warriors in 2026-27?,"existing,holder","bot_like_flow,extreme_price_heavy,burst_trading,opposite_side_same_market,open_copy_exposure"
0xe7fd3fb56636dedc7dc481eca4b08d8ab5fb89de,sports_holders_push,BOT,100.0,63.2,100.0,232,228,105,1282,6.6,23,-3.7,11,40049,24133,3,soccer:3,Will Harry Kane be the top goalscorer at the 2026 FIFA World Cup?,holder,"bot_like_flow,burst_trading,opposite_side_same_market,open_copy_exposure"
0xcf98eafbaee9fbd41a3d67b59a50e39e55ba6e0a,sports_holders_push,BOT,42.4,86.6,74.5,132,372,56,513,-13.9,5,-13.9,5,143000,143000,1,soccer:1,France vs. Spain: Team to Advance,holder,"bot_like_flow,extreme_price_heavy,burst_trading,opposite_side_same_market,negative_copy_sim,open_copy_exposure"
0x000c8cb93bb5fd4c9f292c6b4c5f7c021bb6bcf3,sports_holders_push,BOT,100.0,62.5,100.0,219,631,137,141,5.1,28,8.0,20,48220,10871,9,soccer:9,Will Lionel Messi be the top goalscorer at the 2026 FIFA World Cup?,"existing,holder","bot_like_flow,burst_trading,opposite_side_same_market"
0x7cbefea2f57bf129ea3446d53397b9520747c4b7,sports_holders_push,BOT,100.0,60.5,100.0,143,936,65,52,6.6,21,8.0,7,120544,60134,22,soccer:22,Will France reach the 2026 FIFA World Cup final?,"existing,holder","bot_like_flow,burst_trading,opposite_side_same_market"
0xaf4d84e9e912ba86208bef165e23e587e5a677c6,sports_holders_push,BOT,100.0,66.9,100.0,161,1226,96,118,11.8,4,11.8,4,101189,101189,1,soccer:1,Will Mikel Oyarzabal be the top goalscorer at the 2026 FIFA World Cup?,"existing,holder","bot_like_flow,burst_trading,opposite_side_same_market,open_copy_exposure"
0x6c439f2c136efab50b08cd8a52de3dfb070dfb9b,sports_holders_push,BOT,100.0,67.5,100.0,223,1004,147,104,32.9,5,37.7,3,35709,10247,8,soccer:8,Will Kylian Mbappe be the top goalscorer at the 2026 FIFA World Cup?,holder,"bot_like_flow,burst_trading,opposite_side_same_market,open_copy_exposure"
0xac4a1fabdac2438d6afa2a9e8e83845310a0bf1e,sports_holders_push,D,100.0,43.4,99.8,199,58,30,81,-1.8,31,0.0,0,55943,12173,21,"basketball:15,soccer:6",Will LeBron James play for the Miami Heat in 2026-27?,holder,"burst_trading,opposite_side_same_market,negative_copy_sim,open_copy_exposure"
0x1f901855edd16a13a700bf561e7604242c4e21fa,sports_holders_push,BOT,70.0,62.1,78.8,204,862,155,651,-2.0,14,-2.7,11,50000,50000,1,soccer:1,France vs. Spain: Team to Advance,holder,"bot_like_flow,burst_trading,opposite_side_same_market,negative_copy_sim,open_copy_exposure"
0x8b3234f9027f4e994e949df4b48b90ab79015950,sports_holders_push,D,100.0,59.8,100.0,197,1307,170,127,-2.9,5,-1.9,4,48307,48307,1,soccer:1,Will France win on 2026-07-14?,"existing,holder","bot_like_flow,burst_trading,opposite_side_same_market,negative_copy_sim"
0xb619ed5b378053f8309c307d2f7adf9c13665068,sports_holders_push,C,100.0,37.5,100.0,186,808,90,116,0.0,0,0.0,0,55137,21228,11,soccer:11,Will Manchester City win the 2026-27 English Premier League (EPL) Championship?,"existing,holder","burst_trading,open_copy_exposure"
0x7b8c5eadb49be4452148aa31fd98738766c01556,sports_holders_push,C,100.0,38.9,100.0,81,105,75,2605,11.5,5,13.1,4,155788,136516,3,soccer:3,Will France reach the 2026 FIFA World Cup final?,"existing,holder","burst_trading,opposite_side_same_market,open_copy_exposure"
0xb687f00464e33934f5d591f224e71c3559ecaee5,sports_holders_push,BOT,71.9,100.0,75.9,3,1227,0,3,0.0,0,0.0,0,239351,93923,8,"basketball:5,soccer:3",Will Ferran Torres be the top goalscorer at the 2026 FIFA World Cup?,"existing,leaderboard_profit_30d,leaderboard_volume_30d,leaderboard_volume_all","bot_like_flow,fixed_amount,fixed_price,extreme_price_heavy,burst_trading"
0x31e257bfaf805ddf74d08b25b6d54ade519adf57,sports_holders_push,D,97.5,54.8,92.5,175,1420,169,120,-0.7,7,-0.7,7,59060,24099,4,soccer:4,Will France win on 2026-07-14?,"existing,holder","bot_like_flow,burst_trading,opposite_side_same_market,negative_copy_sim,open_copy_exposure"
0xec3c3994796e549fa433861ab872e991c2d35dc4,sports_holders_push,D,97.7,58.4,100.0,141,56,47,2691,15.5,9,-30.5,1,91441,57774,2,soccer:2,Will France reach the 2026 FIFA World Cup final?,"existing,holder,sports_tape","bot_like_flow,burst_trading,opposite_side_same_market,open_copy_exposure"
0x74f1b8944c7b10f7239e3dda0de6b8ee42e816a8,sports_holders_push,D,100.0,48.7,100.0,106,546,60,113,-0.4,1,0.0,0,119313,13530,30,soccer:30,Will Jude Bellingham win the Golden Ball at the 2026 FIFA World Cup?,"existing,holder","bot_like_flow,burst_trading,opposite_side_same_market,open_copy_exposure"
0x82398835fe16616214d928ba87127e28fc1cd9a3,sports_holders_push,BOT,99.0,63.7,100.0,155,227,71,845,-11.0,5,-7.7,3,69399,61022,3,basketball:3,Will LeBron James play for the Miami Heat in 2026-27?,existing,"bot_like_flow,burst_trading,opposite_side_same_market,negative_copy_sim,open_copy_exposure"
0x5a218c7ad04135830a45c41aaed7294df7809318,sports_holders_push,BOT,94.0,99.9,100.0,14,216,0,18,-1.3,3,0.0,0,212632,17554,56,"basketball:34,esports:2,soccer:20",Will a player representing France be the top goalscorer at the 2026 FIFA World C,"existing,holder","bot_like_flow,extreme_price_heavy,burst_trading,opposite_side_same_market,open_copy_exposure"
0xe91171f655be1568e4c63f29663c0028649e3d4e,sports_holders_push,BOT,100.0,63.0,100.0,166,679,90,77,9.7,28,15.8,17,54009,17142,21,"basketball:2,esports:1,soccer:18",NBA Summer League: Utah Jazz vs. LA Clippers,holder,"bot_like_flow,burst_trading,opposite_side_same_market,open_copy_exposure"
0x79426d16027fd003fffd6b049e36e30fb9aeb60b,sports_holders_push,D,100.0,58.2,100.0,140,41,29,863,29.0,37,9.2,9,59877,34887,4,basketball:4,Will LeBron James play for the Oklahoma City Thunder in 2026-27?,existing,"bot_like_flow,burst_trading,opposite_side_same_market,open_copy_exposure"
0xa61ef8773ec2e821962306ca87d4b57e39ff0abd,sports_holders_push,BOT,100.0,65.6,100.0,139,981,121,131,0.7,5,0.0,0,60002,30002,2,soccer:2,Will France win on 2026-07-14?,"existing,holder,leaderboard_volume_all","bot_like_flow,burst_trading,opposite_side_same_market,open_copy_exposure"
0xe613b515bd46b1585a8b137a4d291d9b80bd540e,sports_holders_push,BOT,98.2,74.0,91.9,47,255,7,22,0.0,0,0.0,0,152036,19846,31,"basketball:21,soccer:10",Will Ferran Torres be the top goalscorer at the 2026 FIFA World Cup?,"existing,holder","bot_like_flow,extreme_price_heavy,burst_trading"
0x3e7c4ba03347d27c2e4803ccc16ce08193b2596c,sports_holders_push,BOT,100.0,60.2,100.0,147,530,82,63,15.9,39,6.0,27,45460,39619,4,soccer:4,Will Mikel Oyarzabal be the top goalscorer at the 2026 FIFA World Cup?,holder,"bot_like_flow,burst_trading,opposite_side_same_market"
0x0f3433d8b7596000bf1046aa822308d93cf67684,sports_holders_push,D,100.0,58.4,100.0,154,1362,135,70,-20.6,4,-20.6,4,37304,20129,4,soccer:4,Will France win on 2026-07-14?,"existing,holder","bot_like_flow,burst_trading,opposite_side_same_market"
0x7d9d476786b0c811d89fdeca2f9ee0e9fd3b3c52,sports_holders_push,BOT,65.5,64.2,78.0,139,1137,127,212,-1.1,13,-1.0,11,54400,54400,1,soccer:1,Will England vs. Argentina end in a draw?,holder,"bot_like_flow,burst_trading,opposite_side_same_market,negative_copy_sim"
0x7e3321b6863f291019dc04b4dbc1f1b53a411482,sports_holders_push,BOT,95.6,76.6,99.5,137,411,42,73,-0.9,7,-3.7,2,44321,44321,1,soccer:1,Will Mikel Oyarzabal be the top goalscorer at the 2026 FIFA World Cup?,holder,"bot_like_flow,extreme_price_heavy,burst_trading,opposite_side_same_market,negative_copy_sim,open_copy_exposure"
0xf49ce459b52f60b70ce0fe9aa6203e6bf90f9786,sports_holders_push,BOT,73.6,100.0,92.8,44,275,15,64,4.8,1,4.8,1,135877,51015,14,"basketball:8,soccer:6",Will Jude Bellingham be the top goalscorer at the 2026 FIFA World Cup?,"existing,holder","bot_like_flow,fixed_amount,fixed_price,extreme_price_heavy,burst_trading,opposite_side_same_market"
0x835b9f8e830f441087babdcd1f8665f7ec4f118f,sports_holders_push,D,100.0,50.5,100.0,129,412,62,71,20.5,25,17.4,15,40717,13983,9,"basketball:3,soccer:6",Will Jude Bellingham be the top goalscorer at the 2026 FIFA World Cup?,holder,"bot_like_flow,burst_trading,opposite_side_same_market,open_copy_exposure"
0x93375e0bf1a3d41f931af02658105c88a480a410,sports_holders_push,BOT,93.3,99.4,100.0,83,808,6,18,47.3,8,15.6,2,84565,31526,7,soccer:7,Will Mikel Oyarzabal be the top goalscorer at the 2026 FIFA World Cup?,"existing,holder","bot_like_flow,fixed_amount,extreme_price_heavy,burst_trading,opposite_side_same_market"
0x780307095e6eff89e97b2a5cc40995be174dc9af,sports_holders_push,BOT,100.0,100.0,100.0,81,398,44,112,50.2,8,74.0,5,84820,69303,3,"basketball:2,soccer:1",Will LeBron James play for the San Antonio Spurs in 2026-27?,"existing,holder","bot_like_flow,fixed_price,extreme_price_heavy,burst_trading,opposite_side_same_market,open_copy_exposure"
0xeface9902242b0399856f981600b907dcc9bc9a1,sports_holders_push,BOT,100.0,67.0,100.0,68,411,11,30,7.5,17,-0.6,4,94366,18396,18,soccer:18,Will Lionel Messi be the top goalscorer at the 2026 FIFA World Cup?,"existing,holder","bot_like_flow,burst_trading,opposite_side_same_market,open_copy_exposure"
0x552337556e70f851bff6e0e97a2e00df7d5751e9,sports_holders_push,BOT,94.9,70.4,100.0,125,1439,124,171,-1.4,14,-1.4,14,37500,15000,4,"basketball:3,soccer:1",France vs. Spain: Team to Advance,holder,"bot_like_flow,burst_trading,opposite_side_same_market,negative_copy_sim"
0xfbd8c9c22ca76b3662d0e53a4f79719fdc684027,sports_holders_push,BOT,100.0,76.5,100.0,41,619,40,25,0.0,0,0.0,0,121038,18947,10,"basketball:6,soccer:4",Will Ferran Torres be the top goalscorer at the 2026 FIFA World Cup?,"existing,holder","bot_like_flow,extreme_price_heavy,burst_trading,open_copy_exposure"
0x801ba46b0e7ba3f82e6a3cfcedb436318e43e036,sports_holders_push,BOT,57.0,95.1,67.1,4,307,0,2,0.0,0,0.0,0,162560,61659,9,basketball:9,Will Milwaukee Bucks win the 2027 NBA Finals?,existing,"bot_like_flow,fixed_amount,extreme_price_heavy,burst_trading,opposite_side_same_market"
0x49ebd7ba46eca5e7a7336027d7b46792bf39cf37,sports_holders_push,BOT,90.9,91.1,100.0,103,18,16,201,12.1,7,168.7,2,52750,52750,1,soccer:1,Will France win on 2026-07-14?,holder,"bot_like_flow,fixed_amount,fixed_price,burst_trading,opposite_side_same_market"
0xcbab32f3fb2a64a4df2eddda9b65b9e53642cad4,sports_holders_push,D,100.0,56.0,100.0,80,319,58,419,6.1,7,1.4,3,71940,71940,1,basketball:1,Will LeBron James play for the Golden State Warriors in 2026-27?,existing,"bot_like_flow,burst_trading,opposite_side_same_market,open_copy_exposure"
0xcb016f2b417f98c88fc91fffe7e69d4a6b1c7dfb,sports_holders_push,BOT,100.0,61.8,86.4,5,1094,3,9,0.0,0,0.0,0,136817,23228,20,"basketball:5,soccer:15",Will Harry Kane win the Golden Ball at the 2026 FIFA World Cup?,"existing,holder","bot_like_flow,burst_trading"
0xc1ff0721be94d8353e422b72ea38b4d56fe525f1,sports_holders_push,,,,,,,,,,,,,147571,51462,28,"basketball:25,soccer:3",Will Ferran Torres be the top goalscorer at the 2026 FIFA World Cup?,,
0xc7d02944a76b9f83b199e9090ecc92c82d241f8a,sports_holders_push,BOT,100.0,68.9,100.0,40,489,13,20,0.1,5,1.9,3,100113,7937,50,"basketball:20,esports:6,soccer:24",Will LeBron James play for the Los Angeles Lakers in 2026-27?,"existing,holder","bot_like_flow,burst_trading,opposite_side_same_market,open_copy_exposure"
0x3eebc6525e6f9e3d87cdedaf3bbdc0a2ea04c387,sports_holders_push,C,100.0,43.3,100.0,86,1498,86,40,0.0,0,0.0,0,50374,49159,2,soccer:2,Will France win on 2026-07-14?,"existing,holder",burst_trading
0xc03ce4d8af842ca6251ac57228b3ffb166ed50af,sports_holders_push,BOT,98.2,75.6,93.0,0,0,0,19,0.0,0,0.0,0,136444,20508,14,"basketball:12,soccer:2",Will LeBron James play for the Milwaukee Bucks in 2026-27?,"existing,leaderboard_profit_30d","bot_like_flow,extreme_price_heavy,burst_trading"
0xff4b1f20ab269d3f82287428537f8b533cbfd019,sports_holders_push,BOT,100.0,78.7,100.0,73,108,5,37,-15.6,1,0.0,0,63231,18321,16,soccer:16,Will Mikel Oyarzabal be the top goalscorer at the 2026 FIFA World Cup?,"existing,holder","bot_like_flow,extreme_price_heavy,burst_trading,opposite_side_same_market,open_copy_exposure"
0x24db339be6bff02f37e22ee9e1f3003d4d8f50ba,sports_holders_push,B,100.0,30.9,100.0,91,65,42,331,37.5,17,16.2,8,40626,31156,2,soccer:2,Will France reach the 2026 FIFA World Cup final?,existing,opposite_side_same_market
0x4a4281aad8a247eed86469b3b8a6e9f094d9fab9,sports_holders_push,BOT,55.8,84.7,63.1,0,469,0,0,0.0,0,0.0,0,137761,49268,4,basketball:4,Will Brooklyn Nets win the 2027 NBA Finals?,existing,"bot_like_flow,fixed_amount,extreme_price_heavy,opposite_side_same_market"
0x39d2e2f4aa4d7f941a0ba8ac3d912e7b279e0b90,sports_holders_push,D,19.5,8.2,28.0,43,64,43,684,0.0,0,0.0,0,89530,42788,3,basketball:3,Will LeBron James play for the Golden State Warriors in 2026-27?,existing,open_copy_exposure
0xfbac35185100acb7a35b7ea72e9090215b2119ef,sports_holders_push,BOT,68.3,76.1,57.6,0,178,0,5,0.0,0,0.0,0,128093,60907,6,basketball:6,Will LeBron James play for the Indiana Pacers in 2026-27?,existing,"bot_like_flow,fixed_amount,extreme_price_heavy,opposite_side_same_market"
0xd9b9de38b5af0367f350b0f24ad5f48404e903b8,sports_holders_push,BOT,100.0,67.2,100.0,43,65,27,180,41.9,8,3.1,5,79221,79221,1,basketball:1,Will LeBron James play for the New York Knicks in 2026-27?,existing,"bot_like_flow,extreme_price_heavy,burst_trading,opposite_side_same_market,open_copy_exposure"
0x3608117a19c088bb236f8bb772d40d909cc3b13d,sports_holders_push,B,100.0,14.6,100.0,28,73,26,974,0.0,0,0.0,0,84955,44500,2,soccer:2,Will France vs. Spain end in a draw?,holder,"fixed_price,open_copy_exposure"
0xdd1088394443baa657a75498f8403476acc6a804,sports_holders_push,B,68.1,18.7,63.6,54,42,42,9028,0.9,10,3.5,8,59019,59019,1,soccer:1,France vs. Spain: Team to Advance,"existing,holder","opposite_side_same_market,open_copy_exposure"
0x8ae0105b2af0c65a6f8024679ca742cad283b4ce,sports_holders_push,BOT,24.1,100.0,73.7,55,147,9,15,0.0,0,0.0,0,57061,29300,4,soccer:4,Will Mikel Oyarzabal be the top goalscorer at the 2026 FIFA World Cup?,holder,"bot_like_flow,fixed_amount,fixed_price,extreme_price_heavy,burst_trading,opposite_side_same_market,open_copy_exposure"
0x8b9ae3350d24ff84c9ce297cd8a7664f500f5f69,sports_holders_push,,,,,,,,,,,,,106626,38569,4,basketball:4,Will Dallas Mavericks win the 2027 NBA Finals?,,
0x061e33ccc6c9ac9c235e988ff6ef82a2fc665ab8,sports_holders_push,BOT,100.0,63.4,100.0,36,68,23,173,94.5,4,165.6,2,63753,44309,7,basketball:7,Will LeBron James play for the Miami Heat in 2026-27?,existing,"bot_like_flow,extreme_price_heavy,burst_trading,opposite_side_same_market,open_copy_exposure"
0xca334ba9a3ad086f0fce66d2b073d1f6c5c7918c,sports_holders_push,BOT,84.2,100.0,90.9,38,801,16,46,8.9,3,0.1,1,62736,42296,2,"basketball:1,soccer:1",Will LeBron James play for the Los Angeles Lakers in 2026-27?,holder,"bot_like_flow,fixed_amount,extreme_price_heavy,burst_trading,opposite_side_same_market,open_copy_exposure"
0x6a3c02feca0009871db79f9dea6ffd3ab98f2db9,sports_holders_push,,,,,,,,,,,,,103508,20000,11,basketball:11,Will LeBron James play for the Milwaukee Bucks in 2026-27?,,
0x33dd49d595ca9c26dbe02c4830f90334f4d7ef8a,sports_holders_push,,,,,,,,,,,,,100000,100000,1,soccer:1,Will Ferran Torres be the top goalscorer at the 2026 FIFA World Cup?,,
0x468218a8e2dfaf7da85be422bce8b97cdc0b4d40,sports_holders_push,BOT,84.3,100.0,87.1,14,997,7,4,-28.2,1,0.0,0,80564,63041,6,"basketball:4,soccer:2",Will LeBron James play for the Los Angeles Clippers in 2026-27?,"existing,holder","bot_like_flow,fixed_amount,fixed_price,extreme_price_heavy,burst_trading,opposite_side_same_market"
0x2362ca97130b1aa518c8b1f4d52a0ab632c82ec5,sports_holders_push,BOT,60.6,100.0,80.2,16,1179,10,5,0.0,0,0.0,0,78481,37168,6,soccer:6,Will Mikel Oyarzabal be the top goalscorer at the 2026 FIFA World Cup?,"existing,holder","bot_like_flow,fixed_amount,extreme_price_heavy,burst_trading,opposite_side_same_market"
0x6f969a8efb18dd115e597f0bde016aa3812387f3,sports_holders_push,BOT,69.8,86.8,78.1,4,156,3,14,-36.1,1,-36.1,1,86751,31743,10,basketball:10,Will LeBron James play for the Los Angeles Lakers in 2026-27?,existing,"bot_like_flow,extreme_price_heavy,burst_trading,opposite_side_same_market"
0xe962dfbaed113be79c38e122e67a431231a9663a,sports_holders_push,,,,,,,,,,,,,82563,20000,8,"basketball:6,soccer:2",Will Portland Trail Blazers win the 2027 NBA Finals?,,
0xabc35a3cbb19acf6671be51144b12d0a88193977,sports_holders_push,BOT,0.0,88.3,38.0,4,56,2,22,0.0,0,0.0,0,80630,80630,1,soccer:1,Will Jude Bellingham be the top goalscorer at the 2026 FIFA World Cup?,"existing,holder","bot_like_flow,fixed_price,extreme_price_heavy,burst_trading,opposite_side_same_market"
0x0ee9dd40f786e5fe41aefe028bc7e157a6b1f7ac,sports_holders_push,BOT,82.5,100.0,90.0,0,759,0,1,0.0,0,0.0,0,60749,39789,4,basketball:4,Will LeBron James play for the Los Angeles Clippers in 2026-27?,existing,"bot_like_flow,fixed_amount,fixed_price,extreme_price_heavy,burst_trading,opposite_side_same_market"
0x1ec4295fcbcd51699c396b8e1930daa674fedefa,sports_holders_push,,,,,,,,,,,,,62109,16298,12,basketball:12,Will Boston Celtics win the 2027 NBA Finals?,,
0x51fd8f0358cc9e8a1ee5f87a0c7e3b07ed634272,sports_holders_push,,,,,,,,,,,,,61701,10982,19,"basketball:12,soccer:7",Will Orlando Magic win the 2027 NBA Finals?,,
0x02f040296422dd0108d50b899fc072403eba1a03,sports_holders_push,,,,,,,,,,,,,54291,20211,15,basketball:15,Will Washington Wizards win the 2027 NBA Finals?,,
0x82a0fae6f863c163acfcad28e9efd4f5166333a1,sports_holders_push,BOT,53.7,100.0,70.2,0,1299,0,1,0.0,0,0.0,0,53749,25000,5,soccer:5,Will Julian Alvarez be the top goalscorer at the 2026 FIFA World Cup?,holder,"bot_like_flow,fixed_amount,fixed_price,extreme_price_heavy,burst_trading,opposite_side_same_market"
0xb98b176859c2b375cf06c1c4974e46ed69cd7e18,sports_holders_push,,,,,,,,,,,,,54052,7390,15,basketball:15,Will LeBron James play for the Indiana Pacers in 2026-27?,,
0xf00698742d193fa8e88c86de98c15973c2a1bb6c,sports_holders_push,,,,,,,,,,,,,52973,5303,36,"basketball:30,soccer:6",Will Connecticut Sun win the 2026 WNBA Finals?,,
0xbba84878f74ad26893c1828e07e25684a707b4f8,sports_holders_push,,,,,,,,,,,,,50000,25000,2,soccer:2,France vs. Spain: Team to Advance,,
0xfba121e711af0f8e68f187977622dea19a7e1733,sports_holders_push,,,,,,,,,,,,,50000,10000,5,basketball:5,Will LeBron James play for the Indiana Pacers in 2026-27?,,
0x2271573cf19decaaa6d682466cea343e7fb9b8f1,sports_holders_push,,,,,,,,,,,,,49952,49952,1,soccer:1,Will France reach the 2026 FIFA World Cup final?,,
0x1324f772553e126f1b0fdb7a5e3d72c0dc7e8e3c,sports_holders_push,,,,,,,,,,,,,49108,25232,2,soccer:2,Will Argentina reach the 2026 FIFA World Cup final?,,
0x6e82b93eb57b01a63027bd0c6d2f3f04934a752c,sports_holders_push,,,,,,,,,,,,,48425,48425,1,basketball:1,Will LeBron James play for the Golden State Warriors in 2026-27?,,
0x225b7c9aaf6108ded29b9fda9939aa671ef6422a,sports_holders_push,,,,,,,,,,,,,46521,7170,11,"basketball:10,soccer:1",Will LeBron James play for the Denver Nuggets in 2026-27?,,
0xd6a39cef30c927c4d57b5cc519f3a2d0332a9738,sports_holders_push,,,,,,,,,,,,,46432,19508,7,"basketball:5,esports:1,soccer:1",Will Oklahoma City Thunder win the 2027 NBA Finals?,,
0xbd9b08efcac71b185411ac57f36505d4570ab6aa,sports_holders_push,,,,,,,,,,,,,44532,12802,7,basketball:7,Will Atlanta Hawks win the 2027 NBA Finals?,,
0xc4d679e669c2bb5870781235ae8a409837fe966b,sports_holders_push,,,,,,,,,,,,,43240,21620,2,soccer:2,Will Julian Alvarez be the top goalscorer at the 2026 FIFA World Cup?,,
0x39fcd0aafb7047035e9323e6d1f99cd46f43e2f2,sports_holders_push,,,,,,,,,,,,,43014,19779,11,"basketball:3,soccer:8",Will LeBron James play for the Miami Heat in 2026-27?,,
0x531b6a892346bdad09a2f2197ea202fb41a132b6,sports_holders_push,,,,,,,,,,,,,42896,23211,2,basketball:2,Will Cleveland Cavaliers win the 2027 NBA Finals?,,
0x71b62107ce574256bf7d72c684767484e0864e91,sports_holders_push,,,,,,,,,,,,,42483,40543,5,basketball:5,Will LeBron James play for the Los Angeles Clippers in 2026-27?,,
0xd23f8c8aab13cfb2a35da40b67f8471faf9894a1,sports_holders_push,,,,,,,,,,,,,41668,6011,36,"basketball:29,soccer:7",Will Ferran Torres be the top goalscorer at the 2026 FIFA World Cup?,,
0xb89515aa02cf6e911abd5610f03d90bd4c18e4af,sports_holders_push,,,,,,,,,,,,,41103,41103,1,soccer:1,Will Julian Alvarez be the top goalscorer at the 2026 FIFA World Cup?,,
0xbefa95c276ee8ef6ff3ef43d1c1c454f52bc300d,sports_holders_push,,,,,,,,,,,,,41093,11697,11,"basketball:8,soccer:3",Will LeBron James play for the Los Angeles Clippers in 2026-27?,,
0x30c16e063c3be66d93acf14c06e2741e348f9f91,sports_holders_push,,,,,,,,,,,,,40000,40000,1,basketball:1,Will LeBron James play for the Miami Heat in 2026-27?,,
0xc308447bc9ef6e72018a3f3914005bd24c207b09,sports_holders_push,,,,,,,,,,,,,39616,27536,2,basketball:2,NBA Summer League: Milwaukee Bucks vs. San Antonio Spurs,,
0x465a5dd91202fd51d0ffe5b7852adfdc0586ffca,sports_holders_push,,,,,,,,,,,,,39307,7738,16,basketball:16,Will Boston Celtics win the 2027 NBA Finals?,,
0x66d5296705f8f0abcaa8043986c3dc9196aa9e9f,sports_holders_push,,,,,,,,,,,,,38141,25042,2,soccer:2,Will Argentina reach the 2026 FIFA World Cup final?,,
0xb8cd551fc6eaaee81d04a0f6d0fc437455b502cd,sports_holders_push,,,,,,,,,,,,,38000,6000,8,"basketball:5,soccer:3",Will Lamine Yamal be the top goalscorer at the 2026 FIFA World Cup?,,
0x59d6c081a3f9f35b7563a9ebfffb3119dc590704,sports_holders_push,,,,,,,,,,,,,36773,19415,4,basketball:4,Will Atlanta Hawks win the 2027 NBA Finals?,,
0x814de45404c20dd9956737a83f7c8b0b039eb842,sports_holders_push,,,,,,,,,,,,,36756,12205,14,soccer:14,Will Argentina reach the 2026 FIFA World Cup final?,,
0xd848d3bd6dee9f3baae26210ec68787a0a5c82c6,sports_holders_push,,,,,,,,,,,,,36504,20000,6,basketball:6,Will Charlotte Hornets win the 2027 NBA Finals?,,
0x54ce7dd357766fc3255645e55ef41edd51cc9f80,sports_holders_push,,,,,,,,,,,,,35614,35614,1,basketball:1,Will LeBron James play for the Miami Heat in 2026-27?,,
0xa5e3044fd953605f9407d58c76e48fd75a394d7e,sports_holders_push,,,,,,,,,,,,,35201,7709,18,"basketball:13,soccer:5",Will LeBron James play for the Miami Heat in 2026-27?,,
